{
  "timestamp": "2025-07-26T13:03:17.131311",
  "parametros_algoritmo": {
    "tamanho_populacao": 60,
    "taxa_mutacao": 0.25,
    "max_geracoes": 200
  },
  "resultados": {
    "fitness": 0,
    "total_aulas": 34,
    "salas_utilizadas": 26,
    "professores_ativos": 9,
    "taxa_ocupacao": 6.538461538461539,
    "qualidade": "Perfeita"
  },
  "historico_fitness": [
    4930,
    4630,
    4630,
    4330,
    4030,
    4030,
    3730,
    3730,
    3430,
    3130,
    2830,
    2830,
    2530,
    2230,
    2230,
    2230,
    1930,
    1930,
    1930,
    1830,
    1630,
    1530,
    1330,
    1230,
    1230,
    1230,
    1030,
    930,
    730,
    430,
    430,
    130,
    130,
    130,
    130,
    130,
    130,
    0
  ]
}